
INSERT INTO `cadastro`.`tb_hotel` (`id`, `nome`, `id_bairro`) VALUES
('1', 'Ibis Palmas', '1'),
('2', 'Hotel Girassol Plaza', '1'),
('3', 'Céu Palmas Hotel', '2'),
('4', 'Hplus Premium Palmas', '2'),
('5', 'Di Napoli Plaza Hotel', '3'),
('6', 'Hotel Mutucão', '4'),
('7', 'Serranos Park Hotel', '5'),
('8', 'Hotel Entre Rios', '5'),
('9', 'Hotel São Vicente', '6'),
('10', 'Brii Hotel', '7');


INSERT INTO `cadastro`.`tb_bairro` (`id`, `nome`, `id_cidade`) VALUES
('1', 'Plano Diretor Norte', '5514'),
('2', 'Plano Diretor Sul', '5514'),
('3', 'Centro', '5484'),
('4', 'Jardim das Bandeiras', '5484'),
('5', 'Centro', '5518'),
('6', 'Centro', '5437'),
('7', 'Setor Oeste', '5437');

INSERT INTO `cadastro`.`tb_quarto` (`id`, `andar`, `numero`, `numero_camas`, `preco`, `id_hotel`) VALUES
('1', '1', '101', '2', '150', '1'),
('2', '1', '102', '2', '150', '1'),
('3', '1', '103', '1', '100', '1'),
('4', '1', '104', '1', '100', '1'),
('5', '2', '201', '2', '150', '1'),
('6', '2', '202', '2', '200', '1'),
('7', '2', '203', '1', '100', '1'),
('8', '2', '204', '1', '100', '1'),
('9', '3', '301', '3', '300', '1'),
('10', '3', '302', '3', '300', '1'),
('11', '3', '303', '1', '250', '1'),
('12', '3', '304', '1', '250', '1'),
('13', '4', '401', '4', '400', '1'),
('14', '5', '501', '1', '500', '1'),
('15', '1', '101', '2', '150', '2'),
('16', '1', '102', '2', '150', '2'),
('17', '1', '103', '1', '100', '2'),
('18', '1', '104', '1', '100', '2'),
('19', '2', '201', '2', '150', '2'),
('20', '2', '202', '2', '150', '2'),
('21', '2', '203', '1', '100', '2'),
('22', '2', '204', '1', '100', '2'),
('23', '3', '301', '3', '300', '2'),
('24', '3', '302', '3', '300', '2'),
('25', '3', '303', '1', '250', '2'),
('26', '3', '304', '1', '250', '2'),
('27', '4', '401', '4', '400', '2'),
('28', '5', '501', '1', '500', '2'),
('29', '1', '101', '2', '150', '3'),
('30', '1', '102', '2', '150', '3'),
('31', '1', '103', '1', '100', '3'),
('32', '1', '104', '1', '100', '3'),
('33', '2', '201', '2', '150', '3'),
('34', '2', '202', '2', '150', '3'),
('35', '2', '203', '1', '100', '3'),
('36', '2', '204', '1', '100', '3'),
('37', '3', '301', '3', '300', '3'),
('38', '3', '302', '3', '300', '3'),
('39', '3', '303', '1', '250', '3'),
('40', '3', '304', '1', '250', '3'),
('41', '4', '401', '4', '400', '3'),
('42', '5', '501', '1', '500', '3'),
('43', '1', '101', '2', '150', '4'),
('44', '1', '102', '2', '150', '4'),
('45', '1', '103', '1', '100', '4'),
('46', '1', '104', '1', '100', '4'),
('47', '2', '201', '2', '150', '4'),
('48', '2', '202', '2', '150', '4'),
('49', '2', '203', '1', '100', '4'),
('50', '2', '204', '1', '100', '4'),
('51', '3', '301', '3', '300', '4'),
('52', '3', '302', '3', '300', '4'),
('53', '3', '303', '1', '250', '4'),
('54', '3', '304', '1', '250', '4'),
('55', '4', '401', '4', '400', '4'),
('56', '5', '501', '1', '500', '4'),
('57', '1', '101', '2', '150', '5'),
('58', '1', '102', '2', '150', '5'),
('59', '1', '103', '1', '100', '5'),
('60', '1', '104', '1', '100', '5'),
('61', '2', '201', '2', '150', '5'),
('62', '2', '202', '2', '150', '5'),
('63', '2', '203', '1', '100', '5'),
('64', '2', '204', '1', '100', '5'),
('65', '3', '301', '3', '300', '5'),
('66', '3', '302', '3', '300', '5'),
('67', '3', '303', '1', '250', '5'),
('68', '3', '304', '1', '250', '5'),
('69', '4', '401', '4', '400', '5'),
('70', '5', '501', '1', '500', '5'),
('71', '1', '101', '2', '150', '6'),
('72', '1', '102', '2', '150', '6'),
('73', '1', '103', '1', '100', '6'),
('74', '1', '104', '1', '100', '6'),
('75', '2', '201', '2', '150', '6'),
('76', '2', '202', '2', '150', '6'),
('77', '2', '203', '1', '100', '6'),
('78', '2', '204', '1', '100', '6'),
('79', '3', '301', '3', '300', '6'),
('80', '3', '302', '3', '300', '6'),
('81', '3', '303', '1', '250', '6'),
('82', '3', '304', '1', '250', '6'),
('83', '4', '401', '4', '400', '6'),
('84', '5', '501', '1', '500', '6'),
('85', '1', '101', '2', '150', '7'),
('86', '1', '102', '2', '150', '7'),
('87', '1', '103', '1', '100', '7'),
('88', '1', '104', '1', '100', '7'),
('89', '2', '201', '2', '150', '7'),
('90', '2', '202', '2', '150', '7'),
('91', '2', '203', '1', '100', '7'),
('92', '2', '204', '1', '100', '7'),
('93', '3', '301', '3', '300', '7'),
('94', '3', '302', '3', '300', '7'),
('95', '3', '303', '1', '250', '7'),
('96', '3', '304', '1', '250', '7'),
('97', '4', '401', '4', '400', '7'),
('98', '5', '501', '1', '500', '7'),
('99', '1', '101', '2', '150', '8'),
('100', '1', '102', '2', '150', '8'),
('101', '1', '103', '1', '100', '8'),
('102', '1', '104', '1', '100', '8'),
('103', '2', '201', '2', '150', '8'),
('104', '2', '202', '2', '150', '8'),
('105', '2', '203', '1', '100', '8'),
('106', '2', '204', '1', '100', '8'),
('107', '3', '301', '3', '300', '8'),
('108', '3', '302', '3', '300', '8'),
('109', '3', '303', '1', '250', '8'),
('110', '3', '304', '1', '250', '8'),
('111', '4', '401', '4', '400', '8'),
('112', '5', '501', '1', '500', '8'),
('113', '1', '101', '2', '150', '9'),
('114', '1', '102', '2', '150', '9'),
('115', '1', '103', '1', '100', '9'),
('116', '1', '104', '1', '100', '9'),
('117', '2', '201', '2', '150', '9'),
('118', '2', '202', '2', '150', '9'),
('119', '2', '203', '1', '100', '9'),
('120', '2', '204', '1', '100', '9'),
('121', '3', '301', '3', '300', '9'),
('122', '3', '302', '3', '300', '9'),
('123', '3', '303', '1', '250', '9'),
('124', '3', '304', '1', '250', '9'),
('125', '4', '401', '4', '400', '9'),
('126', '5', '501', '1', '500', '9'),
('127', '1', '101', '2', '150', '10'),
('128', '1', '102', '2', '150', '10'),
('129', '1', '103', '1', '100', '10'),
('130', '1', '104', '1', '100', '10'),
('131', '2', '201', '2', '150', '10'),
('132', '2', '202', '2', '150', '10'),
('133', '2', '203', '1', '100', '10'),
('134', '2', '204', '1', '100', '10'),
('135', '3', '301', '3', '300', '10'),
('136', '3', '302', '3', '300', '10'),
('137', '3', '303', '1', '250', '10'),
('138', '3', '304', '1', '250', '10'),
('139', '4', '401', '4', '400', '10'),
('140', '5', '501', '1', '500', '10'),
('141', '6', '601', '10', '1000', '10');